FIPS,id
1001,1
1003,2
1005,3
1007,4
1009,5
1011,6
1013,7
1015,8
1017,9
1019,10
1021,11
1023,12
1025,13
1027,14
1029,15
1031,16
1033,17
1035,18
1037,19
1039,20
1041,21
1043,22
1045,23
1047,24
1049,25
1051,26
1053,27
1055,28
1057,29
1059,30
1061,31
1063,32
1065,33
1067,34
1069,35
1071,36
1073,37
1075,38
1077,39
1079,40
1081,41
1083,42
1085,43
1087,44
1089,45
1091,46
1093,47
1095,48
1097,49
1099,50
1101,51
1103,52
1105,53
1107,54
1109,55
1111,56
1113,57
1115,58
1117,59
1119,60
1121,61
1123,62
1125,63
1127,64
1129,65
1131,66
1133,67
4001,68
4003,69
4005,70
4007,71
4009,72
4011,73
4012,74
4013,75
4015,76
4017,77
4019,78
4021,79
4023,80
4025,81
4027,82
5001,83
5003,84
5005,85
5007,86
5009,87
5011,88
5013,89
5015,90
5017,91
5019,92
5021,93
5023,94
5025,95
5027,96
5029,97
5031,98
5033,99
5035,100
5037,101
5039,102
5041,103
5043,104
5045,105
5047,106
5049,107
5051,108
5053,109
5055,110
5057,111
5059,112
5061,113
5063,114
5065,115
5067,116
5069,117
5071,118
5073,119
5075,120
5077,121
5079,122
5081,123
5083,124
5085,125
5087,126
5089,127
5091,128
5093,129
5095,130
5097,131
5099,132
5101,133
5103,134
5105,135
5107,136
5109,137
5111,138
5113,139
5115,140
5117,141
5119,142
5121,143
5123,144
5125,145
5127,146
5129,147
5131,148
5133,149
5135,150
5137,151
5139,152
5141,153
5143,154
5145,155
5147,156
5149,157
6001,158
6003,159
6005,160
6007,161
6009,162
6011,163
6013,164
6015,165
6017,166
6019,167
6021,168
6023,169
6025,170
6027,171
6029,172
6031,173
6033,174
6035,175
6037,176
6039,177
6041,178
6043,179
6045,180
6047,181
6049,182
6051,183
6053,184
6055,185
6057,186
6059,187
6061,188
6063,189
6065,190
6067,191
6069,192
6071,193
6073,194
6075,195
6077,196
6079,197
6081,198
6083,199
6085,200
6087,201
6089,202
6091,203
6093,204
6095,205
6097,206
6099,207
6101,208
6103,209
6105,210
6107,211
6109,212
6111,213
6113,214
6115,215
8001,216
8003,217
8005,218
8007,219
8009,220
8011,221
8013,222
8014,223
8015,224
8017,225
8019,226
8021,227
8023,228
8025,229
8027,230
8029,231
8031,232
8033,233
8035,234
8037,235
8039,236
8041,237
8043,238
8045,239
8047,240
8049,241
8051,242
8053,243
8055,244
8057,245
8059,246
8061,247
8063,248
8065,249
8067,250
8069,251
8071,252
8073,253
8075,254
8077,255
8079,256
8081,257
8083,258
8085,259
8087,260
8089,261
8091,262
8093,263
8095,264
8097,265
8099,266
8101,267
8103,268
8105,269
8107,270
8109,271
8111,272
8113,273
8115,274
8117,275
8119,276
8121,277
8123,278
8125,279
9001,280
9003,281
9005,282
9007,283
9009,284
9011,285
9013,286
9015,287
10001,288
10003,289
10005,290
11001,291
12001,292
12003,293
12005,294
12007,295
12009,296
12011,297
12013,298
12015,299
12017,300
12019,301
12021,302
12023,303
12027,304
12029,305
12031,306
12033,307
12035,308
12037,309
12039,310
12041,311
12043,312
12045,313
12047,314
12049,315
12051,316
12053,317
12055,318
12057,319
12059,320
12061,321
12063,322
12065,323
12067,324
12069,325
12071,326
12073,327
12075,328
12077,329
12079,330
12081,331
12083,332
12085,333
12086,334
12087,335
12089,336
12091,337
12093,338
12095,339
12097,340
12099,341
12101,342
12103,343
12105,344
12107,345
12109,346
12111,347
12113,348
12115,349
12117,350
12119,351
12121,352
12123,353
12125,354
12127,355
12129,356
12131,357
12133,358
13001,359
13003,360
13005,361
13007,362
13009,363
13011,364
13013,365
13015,366
13017,367
13019,368
13021,369
13023,370
13025,371
13027,372
13029,373
13031,374
13033,375
13035,376
13037,377
13039,378
13043,379
13045,380
13047,381
13049,382
13051,383
13053,384
13055,385
13057,386
13059,387
13061,388
13063,389
13065,390
13067,391
13069,392
13071,393
13073,394
13075,395
13077,396
13079,397
13081,398
13083,399
13085,400
13087,401
13089,402
13091,403
13093,404
13095,405
13097,406
13099,407
13101,408
13103,409
13105,410
13107,411
13109,412
13111,413
13113,414
13115,415
13117,416
13119,417
13121,418
13123,419
13125,420
13127,421
13129,422
13131,423
13133,424
13135,425
13137,426
13139,427
13141,428
13143,429
13145,430
13147,431
13149,432
13151,433
13153,434
13155,435
13157,436
13159,437
13161,438
13163,439
13165,440
13167,441
13169,442
13171,443
13173,444
13175,445
13177,446
13179,447
13181,448
13183,449
13185,450
13187,451
13189,452
13191,453
13193,454
13195,455
13197,456
13199,457
13201,458
13205,459
13207,460
13209,461
13211,462
13213,463
13215,464
13217,465
13219,466
13221,467
13223,468
13225,469
13227,470
13229,471
13231,472
13233,473
13235,474
13237,475
13239,476
13241,477
13243,478
13245,479
13247,480
13249,481
13251,482
13253,483
13255,484
13257,485
13259,486
13261,487
13263,488
13265,489
13267,490
13269,491
13271,492
13273,493
13275,494
13277,495
13279,496
13281,497
13283,498
13285,499
13287,500
13289,501
13291,502
13293,503
13295,504
13297,505
13299,506
13301,507
13303,508
13305,509
13307,510
13309,511
13311,512
13313,513
13315,514
13317,515
13319,516
13321,517
16001,518
16003,519
16005,520
16007,521
16009,522
16011,523
16013,524
16015,525
16017,526
16019,527
16021,528
16023,529
16025,530
16027,531
16029,532
16031,533
16033,534
16035,535
16037,536
16039,537
16041,538
16043,539
16045,540
16047,541
16049,542
16051,543
16053,544
16055,545
16057,546
16059,547
16061,548
16063,549
16065,550
16067,551
16069,552
16071,553
16073,554
16075,555
16077,556
16079,557
16081,558
16083,559
16085,560
16087,561
17001,562
17003,563
17005,564
17007,565
17009,566
17011,567
17013,568
17015,569
17017,570
17019,571
17021,572
17023,573
17025,574
17027,575
17029,576
17031,577
17033,578
17035,579
17037,580
17039,581
17041,582
17043,583
17045,584
17047,585
17049,586
17051,587
17053,588
17055,589
17057,590
17059,591
17061,592
17063,593
17065,594
17067,595
17069,596
17071,597
17073,598
17075,599
17077,600
17079,601
17081,602
17083,603
17085,604
17087,605
17089,606
17091,607
17093,608
17095,609
17097,610
17099,611
17101,612
17103,613
17105,614
17107,615
17109,616
17111,617
17113,618
17115,619
17117,620
17119,621
17121,622
17123,623
17125,624
17127,625
17129,626
17131,627
17133,628
17135,629
17137,630
17139,631
17141,632
17143,633
17145,634
17147,635
17149,636
17151,637
17153,638
17155,639
17157,640
17159,641
17161,642
17163,643
17165,644
17167,645
17169,646
17171,647
17173,648
17175,649
17177,650
17179,651
17181,652
17183,653
17185,654
17187,655
17189,656
17191,657
17193,658
17195,659
17197,660
17199,661
17201,662
17203,663
18001,664
18003,665
18005,666
18007,667
18009,668
18011,669
18013,670
18015,671
18017,672
18019,673
18021,674
18023,675
18025,676
18027,677
18029,678
18031,679
18033,680
18035,681
18037,682
18039,683
18041,684
18043,685
18045,686
18047,687
18049,688
18051,689
18053,690
18055,691
18057,692
18059,693
18061,694
18063,695
18065,696
18067,697
18069,698
18071,699
18073,700
18075,701
18077,702
18079,703
18081,704
18083,705
18085,706
18087,707
18089,708
18091,709
18093,710
18095,711
18097,712
18099,713
18101,714
18103,715
18105,716
18107,717
18109,718
18111,719
18113,720
18115,721
18117,722
18119,723
18121,724
18123,725
18125,726
18127,727
18129,728
18131,729
18133,730
18135,731
18137,732
18139,733
18141,734
18143,735
18145,736
18147,737
18149,738
18151,739
18153,740
18155,741
18157,742
18159,743
18161,744
18163,745
18165,746
18167,747
18169,748
18171,749
18173,750
18175,751
18177,752
18179,753
18181,754
18183,755
19001,756
19003,757
19005,758
19007,759
19009,760
19011,761
19013,762
19015,763
19017,764
19019,765
19021,766
19023,767
19025,768
19027,769
19029,770
19031,771
19033,772
19035,773
19037,774
19039,775
19041,776
19043,777
19045,778
19047,779
19049,780
19051,781
19053,782
19055,783
19057,784
19059,785
19061,786
19063,787
19065,788
19067,789
19069,790
19071,791
19073,792
19075,793
19077,794
19079,795
19081,796
19083,797
19085,798
19087,799
19089,800
19091,801
19093,802
19095,803
19097,804
19099,805
19101,806
19103,807
19105,808
19107,809
19109,810
19111,811
19113,812
19115,813
19117,814
19119,815
19121,816
19123,817
19125,818
19127,819
19129,820
19131,821
19133,822
19135,823
19137,824
19139,825
19141,826
19143,827
19145,828
19147,829
19149,830
19151,831
19153,832
19155,833
19157,834
19159,835
19161,836
19163,837
19165,838
19167,839
19169,840
19171,841
19173,842
19175,843
19177,844
19179,845
19181,846
19183,847
19185,848
19187,849
19189,850
19191,851
19193,852
19195,853
19197,854
20001,855
20003,856
20005,857
20007,858
20009,859
20011,860
20013,861
20015,862
20017,863
20019,864
20021,865
20023,866
20025,867
20027,868
20029,869
20031,870
20033,871
20035,872
20037,873
20039,874
20041,875
20043,876
20045,877
20047,878
20049,879
20051,880
20053,881
20055,882
20057,883
20059,884
20061,885
20063,886
20065,887
20067,888
20069,889
20071,890
20073,891
20075,892
20077,893
20079,894
20081,895
20083,896
20085,897
20087,898
20089,899
20091,900
20093,901
20095,902
20097,903
20099,904
20101,905
20103,906
20105,907
20107,908
20109,909
20111,910
20113,911
20115,912
20117,913
20119,914
20121,915
20123,916
20125,917
20127,918
20129,919
20131,920
20133,921
20135,922
20137,923
20139,924
20141,925
20143,926
20145,927
20147,928
20149,929
20151,930
20153,931
20155,932
20157,933
20159,934
20161,935
20163,936
20165,937
20167,938
20169,939
20171,940
20173,941
20175,942
20177,943
20179,944
20181,945
20183,946
20185,947
20187,948
20189,949
20191,950
20193,951
20195,952
20197,953
20199,954
20201,955
20203,956
20205,957
20207,958
20209,959
21001,960
21003,961
21005,962
21007,963
21009,964
21011,965
21013,966
21015,967
21017,968
21019,969
21021,970
21023,971
21025,972
21027,973
21029,974
21031,975
21033,976
21035,977
21037,978
21039,979
21041,980
21043,981
21045,982
21047,983
21049,984
21051,985
21053,986
21055,987
21057,988
21059,989
21061,990
21063,991
21065,992
21067,993
21069,994
21071,995
21073,996
21075,997
21077,998
21079,999
21081,1000
21083,1001
21085,1002
21087,1003
21089,1004
21091,1005
21093,1006
21095,1007
21097,1008
21099,1009
21101,1010
21103,1011
21105,1012
21107,1013
21109,1014
21111,1015
21113,1016
21115,1017
21117,1018
21119,1019
21121,1020
21123,1021
21125,1022
21127,1023
21129,1024
21131,1025
21133,1026
21135,1027
21137,1028
21139,1029
21141,1030
21143,1031
21145,1032
21147,1033
21149,1034
21151,1035
21153,1036
21155,1037
21157,1038
21159,1039
21161,1040
21163,1041
21165,1042
21167,1043
21169,1044
21171,1045
21173,1046
21175,1047
21177,1048
21179,1049
21181,1050
21183,1051
21185,1052
21187,1053
21189,1054
21191,1055
21193,1056
21195,1057
21197,1058
21199,1059
21201,1060
21203,1061
21205,1062
21207,1063
21209,1064
21211,1065
21213,1066
21215,1067
21217,1068
21219,1069
21221,1070
21223,1071
21225,1072
21227,1073
21229,1074
21231,1075
21233,1076
21235,1077
21237,1078
21239,1079
22001,1080
22003,1081
22005,1082
22007,1083
22009,1084
22011,1085
22013,1086
22015,1087
22017,1088
22019,1089
22021,1090
22023,1091
22025,1092
22027,1093
22029,1094
22031,1095
22033,1096
22035,1097
22037,1098
22039,1099
22041,1100
22043,1101
22045,1102
22047,1103
22049,1104
22051,1105
22053,1106
22055,1107
22057,1108
22059,1109
22061,1110
22063,1111
22065,1112
22067,1113
22069,1114
22071,1115
22073,1116
22075,1117
22077,1118
22079,1119
22081,1120
22083,1121
22085,1122
22087,1123
22089,1124
22091,1125
22093,1126
22095,1127
22097,1128
22099,1129
22101,1130
22103,1131
22105,1132
22107,1133
22109,1134
22111,1135
22113,1136
22115,1137
22117,1138
22119,1139
22121,1140
22123,1141
22125,1142
22127,1143
23001,1144
23003,1145
23005,1146
23007,1147
23009,1148
23011,1149
23013,1150
23015,1151
23017,1152
23019,1153
23021,1154
23023,1155
23025,1156
23027,1157
23029,1158
23031,1159
24001,1160
24003,1161
24005,1162
24009,1163
24011,1164
24013,1165
24015,1166
24017,1167
24019,1168
24021,1169
24023,1170
24025,1171
24027,1172
24029,1173
24031,1174
24033,1175
24035,1176
24037,1177
24039,1178
24041,1179
24043,1180
24045,1181
24047,1182
24510,1183
25001,1184
25003,1185
25005,1186
25007,1187
25009,1188
25011,1189
25013,1190
25015,1191
25017,1192
25019,1193
25021,1194
25023,1195
25025,1196
25027,1197
26001,1198
26003,1199
26005,1200
26007,1201
26009,1202
26011,1203
26013,1204
26015,1205
26017,1206
26019,1207
26021,1208
26023,1209
26025,1210
26027,1211
26029,1212
26031,1213
26033,1214
26035,1215
26037,1216
26039,1217
26041,1218
26043,1219
26045,1220
26047,1221
26049,1222
26051,1223
26053,1224
26055,1225
26057,1226
26059,1227
26061,1228
26063,1229
26065,1230
26067,1231
26069,1232
26071,1233
26073,1234
26075,1235
26077,1236
26079,1237
26081,1238
26083,1239
26085,1240
26087,1241
26089,1242
26091,1243
26093,1244
26095,1245
26097,1246
26099,1247
26101,1248
26103,1249
26105,1250
26107,1251
26109,1252
26111,1253
26113,1254
26115,1255
26117,1256
26119,1257
26121,1258
26123,1259
26125,1260
26127,1261
26129,1262
26131,1263
26133,1264
26135,1265
26137,1266
26139,1267
26141,1268
26143,1269
26145,1270
26147,1271
26149,1272
26151,1273
26153,1274
26155,1275
26157,1276
26159,1277
26161,1278
26163,1279
26165,1280
27001,1281
27003,1282
27005,1283
27007,1284
27009,1285
27011,1286
27013,1287
27015,1288
27017,1289
27019,1290
27021,1291
27023,1292
27025,1293
27027,1294
27029,1295
27031,1296
27033,1297
27035,1298
27037,1299
27039,1300
27041,1301
27043,1302
27045,1303
27047,1304
27049,1305
27051,1306
27053,1307
27055,1308
27057,1309
27059,1310
27061,1311
27063,1312
27065,1313
27067,1314
27069,1315
27071,1316
27073,1317
27075,1318
27077,1319
27079,1320
27081,1321
27083,1322
27085,1323
27087,1324
27089,1325
27091,1326
27093,1327
27095,1328
27097,1329
27099,1330
27101,1331
27103,1332
27105,1333
27107,1334
27109,1335
27111,1336
27113,1337
27115,1338
27117,1339
27119,1340
27121,1341
27123,1342
27125,1343
27127,1344
27129,1345
27131,1346
27133,1347
27135,1348
27137,1349
27139,1350
27141,1351
27143,1352
27145,1353
27147,1354
27149,1355
27151,1356
27153,1357
27155,1358
27157,1359
27159,1360
27161,1361
27163,1362
27165,1363
27167,1364
27169,1365
27171,1366
27173,1367
28001,1368
28003,1369
28005,1370
28007,1371
28009,1372
28011,1373
28013,1374
28015,1375
28017,1376
28019,1377
28021,1378
28023,1379
28025,1380
28027,1381
28029,1382
28031,1383
28033,1384
28035,1385
28037,1386
28039,1387
28041,1388
28043,1389
28045,1390
28047,1391
28049,1392
28051,1393
28053,1394
28055,1395
28057,1396
28059,1397
28061,1398
28063,1399
28065,1400
28067,1401
28069,1402
28071,1403
28073,1404
28075,1405
28077,1406
28079,1407
28081,1408
28083,1409
28085,1410
28087,1411
28089,1412
28091,1413
28093,1414
28095,1415
28097,1416
28099,1417
28101,1418
28103,1419
28105,1420
28107,1421
28109,1422
28111,1423
28113,1424
28115,1425
28117,1426
28119,1427
28121,1428
28123,1429
28125,1430
28127,1431
28129,1432
28131,1433
28133,1434
28135,1435
28137,1436
28139,1437
28141,1438
28143,1439
28145,1440
28147,1441
28149,1442
28151,1443
28153,1444
28155,1445
28157,1446
28159,1447
28161,1448
28163,1449
29001,1450
29003,1451
29005,1452
29007,1453
29009,1454
29011,1455
29013,1456
29015,1457
29017,1458
29019,1459
29021,1460
29023,1461
29025,1462
29027,1463
29029,1464
29031,1465
29033,1466
29035,1467
29037,1468
29039,1469
29041,1470
29043,1471
29045,1472
29047,1473
29049,1474
29051,1475
29053,1476
29055,1477
29057,1478
29059,1479
29061,1480
29063,1481
29065,1482
29067,1483
29069,1484
29071,1485
29073,1486
29075,1487
29077,1488
29079,1489
29081,1490
29083,1491
29085,1492
29087,1493
29089,1494
29091,1495
29093,1496
29095,1497
29097,1498
29099,1499
29101,1500
29103,1501
29105,1502
29107,1503
29109,1504
29111,1505
29113,1506
29115,1507
29117,1508
29119,1509
29121,1510
29123,1511
29125,1512
29127,1513
29129,1514
29131,1515
29133,1516
29135,1517
29137,1518
29139,1519
29141,1520
29143,1521
29145,1522
29147,1523
29149,1524
29151,1525
29153,1526
29155,1527
29157,1528
29159,1529
29161,1530
29163,1531
29165,1532
29167,1533
29169,1534
29171,1535
29173,1536
29175,1537
29177,1538
29179,1539
29181,1540
29183,1541
29185,1542
29186,1543
29187,1544
29189,1545
29195,1546
29197,1547
29199,1548
29201,1549
29203,1550
29205,1551
29207,1552
29209,1553
29211,1554
29213,1555
29215,1556
29217,1557
29219,1558
29221,1559
29223,1560
29225,1561
29227,1562
29229,1563
29510,1564
30001,1565
30003,1566
30005,1567
30007,1568
30009,1569
30011,1570
30013,1571
30015,1572
30017,1573
30019,1574
30021,1575
30023,1576
30025,1577
30027,1578
30029,1579
30031,1580
30033,1581
30035,1582
30037,1583
30039,1584
30041,1585
30043,1586
30045,1587
30047,1588
30049,1589
30051,1590
30053,1591
30055,1592
30057,1593
30059,1594
30061,1595
30063,1596
30065,1597
30067,1598
30069,1599
30071,1600
30073,1601
30075,1602
30077,1603
30079,1604
30081,1605
30083,1606
30085,1607
30087,1608
30089,1609
30091,1610
30093,1611
30095,1612
30097,1613
30099,1614
30101,1615
30103,1616
30105,1617
30107,1618
30109,1619
30111,1620
31001,1621
31003,1622
31005,1623
31007,1624
31009,1625
31011,1626
31013,1627
31015,1628
31017,1629
31019,1630
31021,1631
31023,1632
31025,1633
31027,1634
31029,1635
31031,1636
31033,1637
31035,1638
31037,1639
31039,1640
31041,1641
31043,1642
31045,1643
31047,1644
31049,1645
31051,1646
31053,1647
31055,1648
31057,1649
31059,1650
31061,1651
31063,1652
31065,1653
31067,1654
31069,1655
31071,1656
31073,1657
31075,1658
31077,1659
31079,1660
31081,1661
31083,1662
31085,1663
31087,1664
31089,1665
31091,1666
31093,1667
31095,1668
31097,1669
31099,1670
31101,1671
31103,1672
31105,1673
31107,1674
31109,1675
31111,1676
31113,1677
31115,1678
31117,1679
31119,1680
31121,1681
31123,1682
31125,1683
31127,1684
31129,1685
31131,1686
31133,1687
31135,1688
31137,1689
31139,1690
31141,1691
31143,1692
31145,1693
31147,1694
31149,1695
31151,1696
31153,1697
31155,1698
31157,1699
31159,1700
31161,1701
31163,1702
31165,1703
31167,1704
31169,1705
31171,1706
31173,1707
31175,1708
31177,1709
31179,1710
31181,1711
31183,1712
31185,1713
32001,1714
32003,1715
32005,1716
32007,1717
32009,1718
32011,1719
32013,1720
32015,1721
32017,1722
32019,1723
32021,1724
32023,1725
32027,1726
32029,1727
32031,1728
32033,1729
32510,1730
33001,1731
33003,1732
33005,1733
33007,1734
33009,1735
33011,1736
33013,1737
33015,1738
33017,1739
33019,1740
34001,1741
34003,1742
34005,1743
34007,1744
34009,1745
34011,1746
34013,1747
34015,1748
34017,1749
34019,1750
34021,1751
34023,1752
34025,1753
34027,1754
34029,1755
34031,1756
34033,1757
34035,1758
34037,1759
34039,1760
34041,1761
35001,1762
35003,1763
35005,1764
35006,1765
35007,1766
35009,1767
35011,1768
35013,1769
35015,1770
35017,1771
35019,1772
35021,1773
35023,1774
35025,1775
35027,1776
35028,1777
35029,1778
35031,1779
35033,1780
35035,1781
35037,1782
35039,1783
35041,1784
35043,1785
35045,1786
35047,1787
35049,1788
35051,1789
35053,1790
35055,1791
35057,1792
35059,1793
35061,1794
36001,1795
36003,1796
36005,1797
36007,1798
36009,1799
36011,1800
36013,1801
36015,1802
36017,1803
36019,1804
36021,1805
36023,1806
36025,1807
36027,1808
36029,1809
36031,1810
36033,1811
36035,1812
36037,1813
36039,1814
36041,1815
36043,1816
36045,1817
36047,1818
36049,1819
36051,1820
36053,1821
36055,1822
36057,1823
36059,1824
36061,1825
36063,1826
36065,1827
36067,1828
36069,1829
36071,1830
36073,1831
36075,1832
36077,1833
36079,1834
36081,1835
36083,1836
36085,1837
36087,1838
36089,1839
36091,1840
36093,1841
36095,1842
36097,1843
36099,1844
36101,1845
36103,1846
36105,1847
36107,1848
36109,1849
36111,1850
36113,1851
36115,1852
36117,1853
36119,1854
36121,1855
36123,1856
37001,1857
37003,1858
37005,1859
37007,1860
37009,1861
37011,1862
37013,1863
37015,1864
37017,1865
37019,1866
37021,1867
37023,1868
37025,1869
37027,1870
37029,1871
37031,1872
37033,1873
37035,1874
37037,1875
37039,1876
37041,1877
37043,1878
37045,1879
37047,1880
37049,1881
37051,1882
37053,1883
37055,1884
37057,1885
37059,1886
37061,1887
37063,1888
37065,1889
37067,1890
37069,1891
37071,1892
37073,1893
37075,1894
37077,1895
37079,1896
37081,1897
37083,1898
37085,1899
37087,1900
37089,1901
37091,1902
37093,1903
37095,1904
37097,1905
37099,1906
37101,1907
37103,1908
37105,1909
37107,1910
37109,1911
37111,1912
37113,1913
37115,1914
37117,1915
37119,1916
37121,1917
37123,1918
37125,1919
37127,1920
37129,1921
37131,1922
37133,1923
37135,1924
37137,1925
37139,1926
37141,1927
37143,1928
37145,1929
37147,1930
37149,1931
37151,1932
37153,1933
37155,1934
37157,1935
37159,1936
37161,1937
37163,1938
37165,1939
37167,1940
37169,1941
37171,1942
37173,1943
37175,1944
37177,1945
37179,1946
37181,1947
37183,1948
37185,1949
37187,1950
37189,1951
37191,1952
37193,1953
37195,1954
37197,1955
37199,1956
38001,1957
38003,1958
38005,1959
38007,1960
38009,1961
38011,1962
38013,1963
38015,1964
38017,1965
38019,1966
38021,1967
38023,1968
38025,1969
38027,1970
38029,1971
38031,1972
38033,1973
38035,1974
38037,1975
38039,1976
38041,1977
38043,1978
38045,1979
38047,1980
38049,1981
38051,1982
38053,1983
38055,1984
38057,1985
38059,1986
38061,1987
38063,1988
38065,1989
38067,1990
38069,1991
38071,1992
38073,1993
38075,1994
38077,1995
38079,1996
38081,1997
38083,1998
38085,1999
38087,2000
38089,2001
38091,2002
38093,2003
38095,2004
38097,2005
38099,2006
38101,2007
38103,2008
38105,2009
39001,2010
39003,2011
39005,2012
39007,2013
39009,2014
39011,2015
39013,2016
39015,2017
39017,2018
39019,2019
39021,2020
39023,2021
39025,2022
39027,2023
39029,2024
39031,2025
39033,2026
39035,2027
39037,2028
39039,2029
39041,2030
39043,2031
39045,2032
39047,2033
39049,2034
39051,2035
39053,2036
39055,2037
39057,2038
39059,2039
39061,2040
39063,2041
39065,2042
39067,2043
39069,2044
39071,2045
39073,2046
39075,2047
39077,2048
39079,2049
39081,2050
39083,2051
39085,2052
39087,2053
39089,2054
39091,2055
39093,2056
39095,2057
39097,2058
39099,2059
39101,2060
39103,2061
39105,2062
39107,2063
39109,2064
39111,2065
39113,2066
39115,2067
39117,2068
39119,2069
39121,2070
39123,2071
39125,2072
39127,2073
39129,2074
39131,2075
39133,2076
39135,2077
39137,2078
39139,2079
39141,2080
39143,2081
39145,2082
39147,2083
39149,2084
39151,2085
39153,2086
39155,2087
39157,2088
39159,2089
39161,2090
39163,2091
39165,2092
39167,2093
39169,2094
39171,2095
39173,2096
39175,2097
40001,2098
40003,2099
40005,2100
40007,2101
40009,2102
40011,2103
40013,2104
40015,2105
40017,2106
40019,2107
40021,2108
40023,2109
40025,2110
40027,2111
40029,2112
40031,2113
40033,2114
40035,2115
40037,2116
40039,2117
40041,2118
40043,2119
40045,2120
40047,2121
40049,2122
40051,2123
40053,2124
40055,2125
40057,2126
40059,2127
40061,2128
40063,2129
40065,2130
40067,2131
40069,2132
40071,2133
40073,2134
40075,2135
40077,2136
40079,2137
40081,2138
40083,2139
40085,2140
40087,2141
40089,2142
40091,2143
40093,2144
40095,2145
40097,2146
40099,2147
40101,2148
40103,2149
40105,2150
40107,2151
40109,2152
40111,2153
40113,2154
40115,2155
40117,2156
40119,2157
40121,2158
40123,2159
40125,2160
40127,2161
40129,2162
40131,2163
40133,2164
40135,2165
40137,2166
40139,2167
40141,2168
40143,2169
40145,2170
40147,2171
40149,2172
40151,2173
40153,2174
41001,2175
41003,2176
41005,2177
41007,2178
41009,2179
41011,2180
41013,2181
41015,2182
41017,2183
41019,2184
41021,2185
41023,2186
41025,2187
41027,2188
41029,2189
41031,2190
41033,2191
41035,2192
41037,2193
41039,2194
41041,2195
41043,2196
41045,2197
41047,2198
41049,2199
41051,2200
41053,2201
41055,2202
41057,2203
41059,2204
41061,2205
41063,2206
41065,2207
41067,2208
41069,2209
41071,2210
42001,2211
42003,2212
42005,2213
42007,2214
42009,2215
42011,2216
42013,2217
42015,2218
42017,2219
42019,2220
42021,2221
42023,2222
42025,2223
42027,2224
42029,2225
42031,2226
42033,2227
42035,2228
42037,2229
42039,2230
42041,2231
42043,2232
42045,2233
42047,2234
42049,2235
42051,2236
42053,2237
42055,2238
42057,2239
42059,2240
42061,2241
42063,2242
42065,2243
42067,2244
42069,2245
42071,2246
42073,2247
42075,2248
42077,2249
42079,2250
42081,2251
42083,2252
42085,2253
42087,2254
42089,2255
42091,2256
42093,2257
42095,2258
42097,2259
42099,2260
42101,2261
42103,2262
42105,2263
42107,2264
42109,2265
42111,2266
42113,2267
42115,2268
42117,2269
42119,2270
42121,2271
42123,2272
42125,2273
42127,2274
42129,2275
42131,2276
42133,2277
44001,2278
44003,2279
44005,2280
44007,2281
44009,2282
45001,2283
45003,2284
45005,2285
45007,2286
45009,2287
45011,2288
45013,2289
45015,2290
45017,2291
45019,2292
45021,2293
45023,2294
45025,2295
45027,2296
45029,2297
45031,2298
45033,2299
45035,2300
45037,2301
45039,2302
45041,2303
45043,2304
45045,2305
45047,2306
45049,2307
45051,2308
45053,2309
45055,2310
45057,2311
45059,2312
45061,2313
45063,2314
45065,2315
45067,2316
45069,2317
45071,2318
45073,2319
45075,2320
45077,2321
45079,2322
45081,2323
45083,2324
45085,2325
45087,2326
45089,2327
45091,2328
46003,2329
46005,2330
46007,2331
46009,2332
46011,2333
46013,2334
46015,2335
46017,2336
46019,2337
46021,2338
46023,2339
46025,2340
46027,2341
46029,2342
46031,2343
46033,2344
46035,2345
46037,2346
46039,2347
46041,2348
46043,2349
46045,2350
46047,2351
46049,2352
46051,2353
46053,2354
46055,2355
46057,2356
46059,2357
46061,2358
46063,2359
46065,2360
46067,2361
46069,2362
46071,2363
46073,2364
46075,2365
46077,2366
46079,2367
46081,2368
46083,2369
46085,2370
46087,2371
46089,2372
46091,2373
46093,2374
46095,2375
46097,2376
46099,2377
46101,2378
46102,2379
46103,2380
46105,2381
46107,2382
46109,2383
46111,2384
46115,2385
46117,2386
46119,2387
46121,2388
46123,2389
46125,2390
46127,2391
46129,2392
46135,2393
46137,2394
47001,2395
47003,2396
47005,2397
47007,2398
47009,2399
47011,2400
47013,2401
47015,2402
47017,2403
47019,2404
47021,2405
47023,2406
47025,2407
47027,2408
47029,2409
47031,2410
47033,2411
47035,2412
47037,2413
47039,2414
47041,2415
47043,2416
47045,2417
47047,2418
47049,2419
47051,2420
47053,2421
47055,2422
47057,2423
47059,2424
47061,2425
47063,2426
47065,2427
47067,2428
47069,2429
47071,2430
47073,2431
47075,2432
47077,2433
47079,2434
47081,2435
47083,2436
47085,2437
47087,2438
47089,2439
47091,2440
47093,2441
47095,2442
47097,2443
47099,2444
47101,2445
47103,2446
47105,2447
47107,2448
47109,2449
47111,2450
47113,2451
47115,2452
47117,2453
47119,2454
47121,2455
47123,2456
47125,2457
47127,2458
47129,2459
47131,2460
47133,2461
47135,2462
47137,2463
47139,2464
47141,2465
47143,2466
47145,2467
47147,2468
47149,2469
47151,2470
47153,2471
47155,2472
47157,2473
47159,2474
47161,2475
47163,2476
47165,2477
47167,2478
47169,2479
47171,2480
47173,2481
47175,2482
47177,2483
47179,2484
47181,2485
47183,2486
47185,2487
47187,2488
47189,2489
48001,2490
48003,2491
48005,2492
48007,2493
48009,2494
48011,2495
48013,2496
48015,2497
48017,2498
48019,2499
48021,2500
48023,2501
48025,2502
48027,2503
48029,2504
48031,2505
48033,2506
48035,2507
48037,2508
48039,2509
48041,2510
48043,2511
48045,2512
48047,2513
48049,2514
48051,2515
48053,2516
48055,2517
48057,2518
48059,2519
48061,2520
48063,2521
48065,2522
48067,2523
48069,2524
48071,2525
48073,2526
48075,2527
48077,2528
48079,2529
48081,2530
48083,2531
48085,2532
48087,2533
48089,2534
48091,2535
48093,2536
48095,2537
48097,2538
48099,2539
48101,2540
48103,2541
48105,2542
48107,2543
48109,2544
48111,2545
48113,2546
48115,2547
48117,2548
48119,2549
48121,2550
48123,2551
48125,2552
48127,2553
48129,2554
48131,2555
48133,2556
48135,2557
48137,2558
48139,2559
48141,2560
48143,2561
48145,2562
48147,2563
48149,2564
48151,2565
48153,2566
48155,2567
48157,2568
48159,2569
48161,2570
48163,2571
48165,2572
48167,2573
48169,2574
48171,2575
48173,2576
48175,2577
48177,2578
48179,2579
48181,2580
48183,2581
48185,2582
48187,2583
48189,2584
48191,2585
48193,2586
48195,2587
48197,2588
48199,2589
48201,2590
48203,2591
48205,2592
48207,2593
48209,2594
48211,2595
48213,2596
48215,2597
48217,2598
48219,2599
48221,2600
48223,2601
48225,2602
48227,2603
48229,2604
48231,2605
48233,2606
48235,2607
48237,2608
48239,2609
48241,2610
48243,2611
48245,2612
48247,2613
48249,2614
48251,2615
48253,2616
48255,2617
48257,2618
48259,2619
48261,2620
48263,2621
48265,2622
48267,2623
48269,2624
48271,2625
48273,2626
48275,2627
48277,2628
48279,2629
48281,2630
48283,2631
48285,2632
48287,2633
48289,2634
48291,2635
48293,2636
48295,2637
48297,2638
48299,2639
48301,2640
48303,2641
48305,2642
48307,2643
48309,2644
48311,2645
48313,2646
48315,2647
48317,2648
48319,2649
48321,2650
48323,2651
48325,2652
48327,2653
48329,2654
48331,2655
48333,2656
48335,2657
48337,2658
48339,2659
48341,2660
48343,2661
48345,2662
48347,2663
48349,2664
48351,2665
48353,2666
48355,2667
48357,2668
48359,2669
48361,2670
48363,2671
48365,2672
48367,2673
48369,2674
48371,2675
48373,2676
48375,2677
48377,2678
48379,2679
48381,2680
48383,2681
48385,2682
48387,2683
48389,2684
48391,2685
48393,2686
48395,2687
48397,2688
48399,2689
48401,2690
48403,2691
48405,2692
48407,2693
48409,2694
48411,2695
48413,2696
48415,2697
48417,2698
48419,2699
48421,2700
48423,2701
48425,2702
48427,2703
48429,2704
48431,2705
48433,2706
48435,2707
48437,2708
48439,2709
48441,2710
48443,2711
48445,2712
48447,2713
48449,2714
48451,2715
48453,2716
48455,2717
48457,2718
48459,2719
48461,2720
48463,2721
48465,2722
48467,2723
48469,2724
48471,2725
48473,2726
48475,2727
48477,2728
48479,2729
48481,2730
48483,2731
48485,2732
48487,2733
48489,2734
48491,2735
48493,2736
48495,2737
48497,2738
48499,2739
48501,2740
48503,2741
48505,2742
48507,2743
49001,2744
49003,2745
49005,2746
49007,2747
49009,2748
49011,2749
49013,2750
49015,2751
49017,2752
49019,2753
49021,2754
49023,2755
49025,2756
49027,2757
49029,2758
49031,2759
49033,2760
49035,2761
49037,2762
49039,2763
49041,2764
49043,2765
49045,2766
49047,2767
49049,2768
49051,2769
49053,2770
49055,2771
49057,2772
50001,2773
50003,2774
50005,2775
50007,2776
50009,2777
50011,2778
50013,2779
50015,2780
50017,2781
50019,2782
50021,2783
50023,2784
50025,2785
50027,2786
51001,2787
51003,2788
51005,2789
51007,2790
51009,2791
51011,2792
51013,2793
51015,2794
51017,2795
51019,2796
51021,2797
51023,2798
51025,2799
51027,2800
51029,2801
51031,2802
51033,2803
51035,2804
51036,2805
51037,2806
51041,2807
51043,2808
51045,2809
51047,2810
51049,2811
51051,2812
51053,2813
51057,2814
51059,2815
51061,2816
51063,2817
51065,2818
51067,2819
51069,2820
51071,2821
51073,2822
51075,2823
51077,2824
51079,2825
51081,2826
51083,2827
51085,2828
51087,2829
51089,2830
51091,2831
51093,2832
51095,2833
51097,2834
51099,2835
51101,2836
51103,2837
51105,2838
51107,2839
51109,2840
51111,2841
51113,2842
51115,2843
51117,2844
51119,2845
51121,2846
51125,2847
51127,2848
51131,2849
51133,2850
51135,2851
51137,2852
51139,2853
51141,2854
51143,2855
51145,2856
51147,2857
51149,2858
51153,2859
51155,2860
51157,2861
51159,2862
51161,2863
51163,2864
51165,2865
51167,2866
51169,2867
51171,2868
51173,2869
51175,2870
51177,2871
51179,2872
51181,2873
51183,2874
51185,2875
51187,2876
51191,2877
51193,2878
51195,2879
51197,2880
51199,2881
51510,2882
51520,2883
51530,2884
51540,2885
51550,2886
51570,2887
51580,2888
51590,2889
51595,2890
51600,2891
51610,2892
51620,2893
51630,2894
51640,2895
51650,2896
51660,2897
51670,2898
51678,2899
51680,2900
51683,2901
51685,2902
51690,2903
51700,2904
51710,2905
51720,2906
51730,2907
51735,2908
51740,2909
51750,2910
51760,2911
51770,2912
51775,2913
51790,2914
51800,2915
51810,2916
51820,2917
51830,2918
51840,2919
53001,2920
53003,2921
53005,2922
53007,2923
53009,2924
53011,2925
53013,2926
53015,2927
53017,2928
53019,2929
53021,2930
53023,2931
53025,2932
53027,2933
53029,2934
53031,2935
53033,2936
53035,2937
53037,2938
53039,2939
53041,2940
53043,2941
53045,2942
53047,2943
53049,2944
53051,2945
53053,2946
53055,2947
53057,2948
53059,2949
53061,2950
53063,2951
53065,2952
53067,2953
53069,2954
53071,2955
53073,2956
53075,2957
53077,2958
54001,2959
54003,2960
54005,2961
54007,2962
54009,2963
54011,2964
54013,2965
54015,2966
54017,2967
54019,2968
54021,2969
54023,2970
54025,2971
54027,2972
54029,2973
54031,2974
54033,2975
54035,2976
54037,2977
54039,2978
54041,2979
54043,2980
54045,2981
54047,2982
54049,2983
54051,2984
54053,2985
54055,2986
54057,2987
54059,2988
54061,2989
54063,2990
54065,2991
54067,2992
54069,2993
54071,2994
54073,2995
54075,2996
54077,2997
54079,2998
54081,2999
54083,3000
54085,3001
54087,3002
54089,3003
54091,3004
54093,3005
54095,3006
54097,3007
54099,3008
54101,3009
54103,3010
54105,3011
54107,3012
54109,3013
55001,3014
55003,3015
55005,3016
55007,3017
55009,3018
55011,3019
55013,3020
55015,3021
55017,3022
55019,3023
55021,3024
55023,3025
55025,3026
55027,3027
55029,3028
55031,3029
55033,3030
55035,3031
55037,3032
55039,3033
55041,3034
55043,3035
55045,3036
55047,3037
55049,3038
55051,3039
55053,3040
55055,3041
55057,3042
55059,3043
55061,3044
55063,3045
55065,3046
55067,3047
55069,3048
55071,3049
55073,3050
55075,3051
55077,3052
55078,3053
55079,3054
55081,3055
55083,3056
55085,3057
55087,3058
55089,3059
55091,3060
55093,3061
55095,3062
55097,3063
55099,3064
55101,3065
55103,3066
55105,3067
55107,3068
55109,3069
55111,3070
55113,3071
55115,3072
55117,3073
55119,3074
55121,3075
55123,3076
55125,3077
55127,3078
55129,3079
55131,3080
55133,3081
55135,3082
55137,3083
55139,3084
55141,3085
56001,3086
56003,3087
56005,3088
56007,3089
56009,3090
56011,3091
56013,3092
56015,3093
56017,3094
56019,3095
56021,3096
56023,3097
56025,3098
56027,3099
56029,3100
56031,3101
56033,3102
56035,3103
56037,3104
56039,3105
56041,3106
56043,3107
56045,3108
